FLPL_CALL_SIGN,FLPL_AIRC_TYPE,FLPL_DEPR_AIRP,FLPL_ARRV_AIRP,MODES_ADRESS,FILE_DATE,Time of departure/entry,Departure aerodrome,Arrival aerodrome,Type of aircraft,Main Exemption code,Aircraft Registration,IFPLID,Mode S,Type Avion Survol
DAH1199,B736,LFMN,DABC,0A0027,2024-03-16,1108.0,LFMN,DABC,B736,Z,7TVJT    ,AA56958185,,B736
DAH1198,B736,DABC,LFMN,0A0027,2024-03-16,1454.0,DABC,LFMN,B736,Z,7TVJT    ,AA56959722,,B736
DAH1041,B736,LFMN,DAAG,0A0027,2024-03-16,1556.0,LFMN,DAAG,B736,Z,7TVJT    ,AA56947385,,B736
DAH1033,B736,LFLL,DAAG,0A0027,2024-03-18,1823.0,LFLL,DAAG,B736,Z,7TVJT    ,AA57016795,,B736
FNY5116,ATLA,LFRH,LFRH,3B9BD2,2024-03-16,1538.0,LFRH,LFRH,ATLA,M,FYPAU    ,         ,,ATLA
FNY5116,,LFRH,LFRH,3B9BD2,2024-03-16,1538.0,LFRH,LFRH,ATLA,M,FYPAU    ,         ,,ATLA
DLH569,A343,DNMM,EDDF,3C64F5,2024-03-16,337.0,DNMM,EDDF,A343,Z,DAIGU    ,AA56943750,,A343
N700VB,TBM7,LFGA,EDFM,A9566B,2024-03-16,1532.0,LFGA,LFGA,TBM7,Z,N700VB   ,         ,,TBM7
N700VB,TBM7,EDDH,EGKB,A9566B,2024-03-16,1532.0,LFGA,LFGA,TBM7,Z,N700VB   ,         ,,TBM7
N700VB,TBM7,LFRD,LFGA,A9566B,2024-03-16,1532.0,LFGA,LFGA,TBM7,Z,N700VB   ,         ,,TBM7
N700VB,TBM7,EGKB,LFRD,A9566B,2024-03-16,1532.0,LFGA,LFGA,TBM7,Z,N700VB   ,         ,,TBM7
EJU502E,A319,LFMN,LFBO,440625,2024-03-16,859.0,LFMN,LFBO,A319,Z,OELKM    ,AA56944667,,A319
FDX10,B77L,KMEM,LFPG,ABB2FE,2024-03-16,2227.0,LFPG,RJAA,B77L,Z,N874FD   ,AA56966791,AC05B3,B77L
RYR49LK,B738,GMMX,LIRN,4CA854,2024-03-16,1502.0,GMMX,LIRN,B738,Z,EIEML    ,AA56955509,,B738
RYR8KE,B738,GMMX,LIRA,4CA854,2024-03-18,631.0,GMMX,LIRA,B738,Z,EIEML    ,AA56999282,,B738
FHPMI,PA34,LFMH,LFMH,39BD88,2024-03-16,902.0,LFMH,LFMH,PA34,Z,FHPMI    ,AA56959482,,PA34
FHPMI,,,,39BD88,2024-03-16,902.0,LFMH,LFMH,PA34,Z,FHPMI    ,AA56959482,,PA34
FHPMI,,,,39BD88,2024-03-16,902.0,LFMH,LFMH,PA34,Z,FHPMI    ,AA56959482,,PA34
FHPMI,PA34,LFLY,LFMH,39BD88,2024-03-16,902.0,LFMH,LFMH,PA34,Z,FHPMI    ,AA56959482,,PA34
FHPMI,PA34,LFBP,LFBR,39BD88,2024-03-18,1020.0,LFBP,LFBR,PA34,Z,FHPMI    ,AA57013863,,PA34
FHPMI,PA34,LFHV,LFBP,39BD88,2024-03-18,1020.0,LFBP,LFBR,PA34,Z,FHPMI    ,AA57013863,,PA34
FHPMI,PA34,LFBR,LFHV,39BD88,2024-03-18,1020.0,LFBP,LFBR,PA34,Z,FHPMI    ,AA57013863,,PA34
OXF33,PA34,LFAT,LFQQ,406AA7,2024-03-16,1110.0,LFAT,LFQT,PA34,Z,GOXFE    ,AA56961026,,PA34
OXF33,PA34,EGTK,LFAT,406AA7,2024-03-16,1110.0,LFAT,LFQT,PA34,Z,GOXFE    ,AA56961026,,PA34
OXF33,PA34,LFAT,LFQT,406AA7,2024-03-16,1110.0,LFAT,LFQT,PA34,Z,GOXFE    ,AA56961026,,PA34
OCN139,A333,FYWH,EDDF,3C6566,2024-03-16,205.0,FYWH,EDDF,A333,Z,DAIKF    ,AA56938634,,A333
OCN143,A333,FYWH,EDDF,3C6566,2024-03-22,209.0,FYWH,EDDF,A333,Z,DAIKF    ,AA57102629,,A333
ITY801,A320,DAAG,LIRF,4CA993,2024-03-16,1714.0,DAAG,LIRF,A320,Z,EIIKF    ,AA56961244,,A320
EZS91EQ,,LFSB,GMAD,4BCCB5,2024-03-16,1639.0,LFSB,GMAD,A320,Z,HBJXP    ,AA56962073,4B1A29,B738
SXS72R,B738,LFSB,LTBJ,4BCCB5,2024-03-16,1315.0,LFSB,LTBJ,B738,Z,TCSEU    ,AA56952020,,B738
CTM1075,A332,LFLX,EPRZ,3B7566,2024-03-16,654.0,LFMI,LFLX,A332,M,FUJCO    ,AA56949390,,A332
CTM1075,A332,LFMI,LFLX,3B7566,2024-03-16,654.0,LFMI,LFLX,A332,M,FUJCO    ,AA56949390,,A332
CTM1075,A332,EPRZ,LFLX,3B7566,2024-03-16,654.0,LFMI,LFLX,A332,M,FUJCO    ,AA56949390,,A332
DLH1317,A320,DAAG,EDDF,3C6742,2024-03-16,1209.0,DAAG,EDDF,A320,Z,DAIZB    ,AA56953359,,A320
DLH561,A333,FNLU,EDDF,3C6573,2024-03-16,427.0,FNLU,EDDF,A333,Z,DAIKS    ,AA56942309,,A333
RYR8KE,B38M,GMMX,LIRA,4CAC56,2024-03-16,716.0,GMMX,LIRA,B38M,Z,EIHGT    ,AA56946703,,B38M
DLH566,A333,DNAA,EDDF,3C6570,2024-03-16,234.0,DNAA,EDDF,A333,Z,DAIKP    ,AA56942427,,A333
DLH566,A333,DNAA,EDDF,3C6570,2024-03-19,320.0,DNAA,EDDF,A333,Z,DAIKP    ,AA57024283,,A333
EAP64,PA34,LFPN,LFPM,3911CE,2024-03-16,1203.0,LFPM,LFPN,PA34,T,FGEOO    ,AA56945626,,PA34
EAP61,PA34,LFOP,LFPN,3911CE,2024-03-18,941.0,LFPN,LFOP,P28R,Z,FBXOB    ,AA56995403,385DC1,PA34
EAP61,PA34,LFOP,LFPN,3911CE,2024-03-18,1001.0,LFOP,LFPN,P28R,Z,FBXOB    ,AA56995488,385DC1,PA34
EAP61,PA34,LFPN,LFOP,3911CE,2024-03-18,941.0,LFPN,LFOP,P28R,Z,FBXOB    ,AA56995403,385DC1,PA34
EAP61,PA34,LFPN,LFOP,3911CE,2024-03-18,1001.0,LFOP,LFPN,P28R,Z,FBXOB    ,AA56995488,385DC1,PA34
DLH566,A333,EDDF,DNPO,3C6572,2024-03-16,234.0,DNAA,EDDF,A333,Z,DAIKP    ,AA56942427,,A333
DLH566,A333,DNAA,EDDF,3C6572,2024-03-17,246.0,DNAA,EDDF,A333,Z,DAIKR    ,AA56967412,,A333
DLH566,A333,EDDF,DNPO,3C6572,2024-03-19,320.0,DNAA,EDDF,A333,Z,DAIKP    ,AA57024283,,A333
ITY681,A359,SAEZ,LIRF,4CAD47,2024-03-16,408.0,SAEZ,LIRF,A359,Z,EIIFD    ,AA56937253,,A359
AFR498,A332,LFPG,TNCM,39644E,2024-03-16,949.0,LFPG,LFPG,A332,Z,FGZCD    ,         ,396443,A332
RYR91,B738,LEBL,LFML,4CA8D4,2024-03-16,2058.0,LFMP,LEBL,B738,Z,EIEPD    ,AA56969817,4CA912,B738
AFR498,A332,LFPG,TNCM,396443,2024-03-16,1642.0,LFPG,TNCM,A332,Z,FGZCO    ,AA56963558,39644E,A332
OCN133C,A333,FYWH,EDDF,3C6562,2024-03-16,254.0,FYWH,EDDF,A333,Z,DAIKB    ,AA56939365,,A333
ITY673,A332,SBGL,LIRF,4CAA9B,2024-03-16,535.0,SBGL,LIRF,A332,Z,EIEJP    ,AA56939315,,A332
ITY673,A332,SBGL,LIRF,4CAA9B,2024-03-19,433.0,SBGL,LIRF,A332,Z,EIEJP    ,AA57021010,,A332
TAR724,,DTTA,LFPO,02A1B3,2024-03-16,1842.0,DTTA,LFPO,A320,Z,TSITC    ,AA56955003,02A262,A320
DLH577,A343,FACT,EDDF,3C64EE,2024-03-16,228.0,FACT,EDDF,A343,Z,DAIGN    ,AA56937980,,A343
TAP439X,A21N,LFPO,LPPT,495303,2024-03-16,556.0,LFPO,LPPT,A21N,Z,CSTXC    ,AA56941828,400771,A21N
TVF33MM,B738,LFPO,LPMA,4400E3,2024-03-16,1215.0,LFPO,LPMA,B738,Z,FHUYO    ,AA56948837,39D30E,A320
DFEPG,PC12,LFLJ,EDRK,3D556C,2024-03-16,1345.0,LFLJ,EDRK,PC12,Y,DFEPG    ,AA56963497,,PC12
SWR283,B77W,FAOR,LSZH,4B191D,2024-03-16,352.0,FAOR,LSZH,B77W,Z,HBJNH    ,AA56937238,,B77W
TAP405,E190,LFML,LPPT,495217,2024-03-16,536.0,LFML,LPPT,E190,Z,CSTPW    ,AA56951603,,E190
EDW87,A343,FACT,LSZH,4B18FF,2024-03-17,1739.0,FACT,LSZH,A343,Z,HBJMD    ,AA56976182,,A343
EDW85,A343,FACT,LSZH,4B18FF,2024-03-19,421.0,FACT,LSZH,A343,Z,HBJMD    ,AA57016194,,A343
EDW87,A343,FACT,LSZH,4B18FF,2024-03-21,738.0,FACT,LSZH,A343,Z,HBJMD    ,AA57073906,,A343
N625PG,C525,LFLB,LFPN,A82A1C,2024-03-17,1549.0,LFLB,LFPN,C525,Z,N625PG   ,AA56992365,,C525
N625PG,C525,LFPN,LFLB,A82A1C,2024-03-17,1549.0,LFLB,LFPN,C525,Z,N625PG   ,AA56992365,,C525
ITY803,A320,DAAG,LIRF,4CA85C,2024-03-17,443.0,DAAG,LIRF,A320,Z,EIEIB    ,AA56968777,,A320
ANE87MX,,LFML,LEMD,347258,2024-03-17,533.0,LFML,LEMD,CRJX,Z,ECLJT    ,AA56963651,343650,A320
TAR903,A332,LFML,DTTA,02A0AD,2024-03-17,1526.0,LFML,DTTA,A332,Z,TSIFN    ,AA56981994,,A332
ITY673,A359,SBGL,LIRF,4CAD48,2024-03-17,604.0,SBGL,LIRF,A359,Z,EIIFE    ,AA56964926,,A359
ITY679,A359,SBGR,LIRF,4CAD48,2024-03-21,923.0,SBGR,LIRF,A359,Z,EIIFE    ,AA57078912,,A359
2TBMI,TBM9,LEAL,LFAT,43EBCC,2024-03-17,1515.0,LFAT,EGMC,TBM9,Y,2TBMI    ,AA56990617,,TBM9
2TBMI,TBM9,LFAT,EGMC,43EBCC,2024-03-17,1515.0,LFAT,EGMC,TBM9,Y,2TBMI    ,AA56990617,,TBM9
FHSTI,PAY2,LFBP,LFBA,39CA68,2024-03-17,1026.0,LFBA,LFBP,PAY2,Z,FHSTI    ,AA56982670,,PAY2
FHSTI,PAY2,LFBP,LFLS,39CA68,2024-03-17,1026.0,LFBA,LFBP,PAY2,Z,FHSTI    ,AA56982670,,PAY2
ETH3977,B763,DNMM,EKCH,04000E,2024-03-17,2125.0,DNMM,EKCH,B763,Z,ETALJ    ,AA56990954,,B763
THY6082,A310,DAAG,LKPR,4BB0B2,2024-03-17,1524.0,DAAG,LKPR,A310,Z,TCLER    ,AA56991748,,A310
RYR8KE,B38M,GMMX,LIRA,4CAD3C,2024-03-17,712.0,GMMX,LIRA,B38M,Z,EIHMT    ,AA56971560,,B38M
JFA95Y,PC12,LFLY,LFLJ,4D02A5,2024-03-17,1130.0,LFLY,LFLJ,PC12,Y,LXFLH    ,AA56963664,,PC12
DAH2026,B738,DAAG,LIMC,0A0020,2024-03-17,1125.0,DAAG,LIMC,B738,Z,7TVJN    ,AA56973332,,B738
HUAF153,A319,LHKE,GMAD,477FF5,2024-03-17,1506.0,GMAD,LHKE,A319,M,605      ,AA56982695,,A319
HUAF153,A319,GMAD,LHKE,477FF5,2024-03-17,1506.0,GMAD,LHKE,A319,M,605      ,AA56982695,,A319
ITY681,A359,SAEZ,LIRF,4CAD49,2024-03-17,431.0,SAEZ,LIRF,A359,Z,EIIFF    ,AA56962021,,A359
ITY681,A359,SAEZ,LIRF,4CAD49,2024-03-20,402.0,SAEZ,LIRF,A359,Z,EIIFF    ,AA57045082,,A359
PEA301,E55P,LFBD,LFLB,39A1E4,2024-03-17,1425.0,LFLB,LFLP,E55P,Z,FHIPE    ,AA56988528,,E55P
PEA301,E55P,LFLB,LFLP,39A1E4,2024-03-17,1425.0,LFLB,LFLP,E55P,Z,FHIPE    ,AA56988528,,E55P
PEA301,E55P,LFLP,LFBD,39A1E4,2024-03-17,1425.0,LFLB,LFLP,E55P,Z,FHIPE    ,AA56988528,,E55P
GPCTW,PC12,LFAT,EGTF,407238,2024-03-17,1315.0,LFAT,EGTF,PC12,Z,GPCTW    ,AA56990037,,PC12
GPCTW,PC12,LSGS,LFAT,407238,2024-03-17,1315.0,LFAT,EGTF,PC12,Z,GPCTW    ,AA56990037,,PC12
JFA81L,PC12,LFLB,LFLJ,4D02BE,2024-03-17,1230.0,LFLB,LFLJ,PC12,Y,LXJFE    ,AA56964804,,PC12
N12EB,SF50,LFMT,LFHV,A051BF,2024-03-17,1650.0,LFMT,LFHV,SF50,Z,N12EB    ,AA56988314,,SF50
JFA25D,PC24,LFLI,LSGG,4D02D9,2024-03-17,1755.0,LFLI,LSGG,PC24,Y,LXPCI    ,AA56991016,,PC24
SWR283,B77W,FAOR,LSZH,4B1917,2024-03-17,347.0,FAOR,LSZH,B77W,Z,HBJNB    ,AA56963021,,B77W
PGC23E,PC12,LFKA,EBCI,44C06B,2024-03-17,947.0,LFKA,EBCI,PC12,Z,OOPCK    ,AA56966882,,PC12
TOM1FK,,LFLB,EIDW,4D02B5,2024-03-17,1105.0,LFLB,EIDW,B738,Z,GFDZX    ,AA56972592,4064A4,PC12
EJU813P,A319,LFMN,LFBO,440582,2024-03-17,1900.0,LFMN,LFBO,A319,Z,OELKF    ,AA56979786,,A319
EJU1753,A319,LFMN,LPPT,440582,2024-03-19,1210.0,LFMN,LPPT,A319,Z,OELKF    ,AA57044131,,A319
FMY8617,AS32,LFCI,LFBP,3AAADF,2024-03-18,1006.0,LFBA,LFCI,AS32,M,FMCGU    ,AA56932474,,AS32
FMY8617,AS32,LFBP,LFBA,3AAADF,2024-03-18,1006.0,LFBA,LFCI,AS32,M,FMCGU    ,AA56932474,,AS32
FMY88S2,AS32,LFBP,LFMC,3AAADF,2024-03-21,1013.0,LFMC,LFBP,AS32,M,FMCGW    ,AA57074050,3AAADD,AS32
RYR49LK,B38M,GMMX,LIRN,4CADC2,2024-03-18,649.0,GMMX,LIRN,B38M,Z,EIIGE    ,AA56999263,,B38M
FHISE,C303,LFDN,LFBH,39A244,2024-03-18,1250.0,LFRN,LFBH,C303,Z,FHISE    ,AA57017983,,C303
FHISE,C303,LFRN,LFBH,39A244,2024-03-18,1250.0,LFRN,LFBH,C303,Z,FHISE    ,AA57017983,,C303
FHISE,C303,LFBH,LFDN,39A244,2024-03-18,1250.0,LFRN,LFBH,C303,Z,FHISE    ,AA57017983,,C303
FHISE,C303,LFBH,LFDN,39A244,2024-03-22,1043.0,LFDN,LFBH,C303,Z,FHISE    ,AA57128177,,C303
FHISE,C303,LFBH,LFDN,39A244,2024-03-22,1452.0,LFDN,LFBH,C303,Z,FHISE    ,AA57133246,,C303
FHISE,C303,LFBH,LFDN,39A244,2024-03-22,1043.0,LFDN,LFBH,C303,Z,FHISE    ,AA57128177,,C303
FHISE,C303,LFBH,LFDN,39A244,2024-03-22,1452.0,LFDN,LFBH,C303,Z,FHISE    ,AA57133246,,C303
FHISE,C303,LFDN,LFBH,39A244,2024-03-22,1043.0,LFDN,LFBH,C303,Z,FHISE    ,AA57128177,,C303
FHISE,C303,LFDN,LFBH,39A244,2024-03-22,1452.0,LFDN,LFBH,C303,Z,FHISE    ,AA57133246,,C303
FHISE,C303,LFDN,LFBH,39A244,2024-03-22,1043.0,LFDN,LFBH,C303,Z,FHISE    ,AA57128177,,C303
FHISE,C303,LFDN,LFBH,39A244,2024-03-22,1452.0,LFDN,LFBH,C303,Z,FHISE    ,AA57133246,,C303
N209PB,PC12,LFPB,LFSN,A1B4B9,2024-03-18,1040.0,LFQV,EBKT,PC12,Y,N209PB   ,AA56991874,,PC12
N209PB,PC12,EBKT,LFSN,A1B4B9,2024-03-18,1040.0,LFQV,EBKT,PC12,Y,N209PB   ,AA56991874,,PC12
N209PB,PC12,LFQV,EBKT,A1B4B9,2024-03-18,1040.0,LFQV,EBKT,PC12,Y,N209PB   ,AA56991874,,PC12
N209PB,PC12,LFSN,LFQV,A1B4B9,2024-03-18,1040.0,LFQV,EBKT,PC12,Y,N209PB   ,AA56991874,,PC12
N32CK,P46T,LFMD,LFOZ,A36C33,2024-03-18,1018.0,LFKC,LFMD,P46T,Z,N32CK    ,AA57013513,,P46T
N32CK,P46T,LFMD,LFKC,A36C33,2024-03-18,1018.0,LFKC,LFMD,P46T,Z,N32CK    ,AA57013513,,P46T
N32CK,P46T,LFGQ,LFMD,A36C33,2024-03-18,1018.0,LFKC,LFMD,P46T,Z,N32CK    ,AA57013513,,P46T
AFR454,A359,LFPG,SBGR,39CF03,2024-03-18,2254.0,LFPG,SBGR,A359,Z,FHTYA    ,AA57024387,39CF00,A359
AFR454,A359,LFPG,SBGR,39CF03,2024-03-22,2247.0,LFPG,SBGR,A359,Z,FHTYM    ,AA57138388,39CF0C,A359
AIB66EO,,,,38C53B,2024-03-18,1043.0,LFBO,LFBO,A20N,E,FWNEO    ,         ,,A20N
AIB67EO,A20N,LFBO,LFBP,38C53B,2024-03-20,845.0,LFBO,LFBT,A20N,E,FWNEO    ,         ,,A20N
AIB67EO,A20N,LFBT,LFBO,38C53B,2024-03-20,845.0,LFBO,LFBT,A20N,E,FWNEO    ,         ,,A20N
AIB68EO,,,,38C53B,2024-03-22,902.0,LFBO,LFBO,A20N,E,FWNEO    ,AA57125474,,A20N
TJT71JD,B190,LFLL,LFBP,3981E4,2024-03-18,520.0,LFLL,LFBP,B190,Z,FHAPE    ,AA56998944,,B190
ARG1140,A332,SAEZ,LIRF,E07246,2024-03-18,1351.0,SAEZ,LIRF,A332,Z,LVGIF    ,AA57003200,,A332
ARG1140,A332,SAEZ,LIRF,E07246,2024-03-20,1406.0,SAEZ,LIRF,A332,Z,LVGIF    ,AA57057155,,A332
FMY88A5,AS55,LFLY,LFMV,3AABCC,2024-03-18,1455.0,LFMV,LFMC,AS55,M,FMAYK    ,AA56933722,,AS55
FMY88A5,AS55,LFMC,LFMV,3AABCC,2024-03-18,1455.0,LFMV,LFMC,AS55,M,FMAYK    ,AA56933722,,AS55
HBFVD,PC12,LSZS,LFLJ,4B0F59,2024-03-18,1627.0,LFLJ,LSGG,PC12,Z,HBFVD    ,AA56993453,,PC12
HBFVD,PC12,LFLJ,LSGG,4B0F59,2024-03-18,1627.0,LFLJ,LSGG,PC12,Z,HBFVD    ,AA56993453,,PC12
HBFVD,PC12,LSZS,LFLJ,4B0F59,2024-03-21,1511.0,LFLJ,LSZH,PC12,Z,HBFVD    ,AA57079084,,PC12
HBFVD,PC12,LFLJ,LSZH,4B0F59,2024-03-21,1511.0,LFLJ,LSZH,PC12,Z,HBFVD    ,AA57079084,,PC12
FGLAT,,,,392C13,2024-03-18,1305.0,LFBT,LFBT,TBM7,Z,FGLAT    ,         ,,TBM7
FGLAT,,,,392C13,2024-03-21,1000.0,LFBT,LFBT,TBM7,Z,FGLAT    ,         ,,TBM7
N77SZ,PA34,LFLP,LFAT,AA6856,2024-03-18,1205.0,LFAT,LFAT,PA34,Z,N77SZ    ,         ,,PA34
CTM2073,A400,LFOJ,EFRO,3B776E,2024-03-18,809.0,LFOJ,EFRO,A400,M,FRBAE    ,AA56933416,,A400
CTM2073,A400,EFRO,LFBM,3B776E,2024-03-18,809.0,LFOJ,EFRO,A400,M,FRBAE    ,AA56933416,,A400
JFA11P,PC12,LFLI,LFMS,4D02D8,2024-03-18,1618.0,LFLI,LFMS,PC12,Y,LXRUM    ,AA56993061,,PC12
FHBOI,EC35,LFBU,LFBU,3985C8,2024-03-18,1056.0,LFBU,LFBU,EC35,Z,FHBOI    ,AA57013017,,EC35
FHBOI,EC35,LFBU,LFBU,3985C8,2024-03-18,1255.0,LFBU,LFBU,EC35,Z,FHBOI    ,AA56989452,,EC35
FHBOI,EC35,LFBU,LFBU,3985C8,2024-03-18,1412.0,LFBU,LFBU,EC35,Z,FHBOI    ,AA56992916,,EC35
FHBOI,EC35,LFBU,LFBU,3985C8,2024-03-18,1056.0,LFBU,LFBU,EC35,Z,FHBOI    ,AA57013017,,EC35
FHBOI,EC35,LFBU,LFBU,3985C8,2024-03-18,1255.0,LFBU,LFBU,EC35,Z,FHBOI    ,AA56989452,,EC35
FHBOI,EC35,LFBU,LFBU,3985C8,2024-03-18,1412.0,LFBU,LFBU,EC35,Z,FHBOI    ,AA56992916,,EC35
FHBOI,EC35,LFBU,LFBU,3985C8,2024-03-18,1056.0,LFBU,LFBU,EC35,Z,FHBOI    ,AA57013017,,EC35
FHBOI,EC35,LFBU,LFBU,3985C8,2024-03-18,1255.0,LFBU,LFBU,EC35,Z,FHBOI    ,AA56989452,,EC35
FHBOI,EC35,LFBU,LFBU,3985C8,2024-03-18,1412.0,LFBU,LFBU,EC35,Z,FHBOI    ,AA56992916,,EC35
FHBOI,EC35,LFBU,LFBU,3985C8,2024-03-18,1056.0,LFBU,LFBU,EC35,Z,FHBOI    ,AA57013017,,EC35
FHBOI,EC35,LFBU,LFBU,3985C8,2024-03-18,1255.0,LFBU,LFBU,EC35,Z,FHBOI    ,AA56989452,,EC35
FHBOI,EC35,LFBU,LFBU,3985C8,2024-03-18,1412.0,LFBU,LFBU,EC35,Z,FHBOI    ,AA56992916,,EC35
FHBOI,EC35,LFBU,LFBU,3985C8,2024-03-18,1056.0,LFBU,LFBU,EC35,Z,FHBOI    ,AA57013017,,EC35
FHBOI,EC35,LFBU,LFBU,3985C8,2024-03-18,1255.0,LFBU,LFBU,EC35,Z,FHBOI    ,AA56989452,,EC35
FHBOI,EC35,LFBU,LFBU,3985C8,2024-03-18,1412.0,LFBU,LFBU,EC35,Z,FHBOI    ,AA56992916,,EC35
FHBOI,EC35,LFBU,LFBU,3985C8,2024-03-19,1302.0,LFBU,LFBU,EC35,Z,FHBOI    ,AA57020602,,EC35
FHBOI,EC35,LFBU,LFBU,3985C8,2024-03-19,1517.0,LFBU,LFBU,EC35,Z,FHBOI    ,AA57042334,,EC35
FHBOI,EC35,LFBU,LFBU,3985C8,2024-03-19,1302.0,LFBU,LFBU,EC35,Z,FHBOI    ,AA57020602,,EC35
FHBOI,EC35,LFBU,LFBU,3985C8,2024-03-19,1517.0,LFBU,LFBU,EC35,Z,FHBOI    ,AA57042334,,EC35
FHBOI,EC35,LFBU,LFBL,3985C8,2024-03-21,940.0,LFBL,LFBU,EC35,T,FHBOI    ,AA57095484,,EC35
FHBOI,EC35,LFBU,LFBL,3985C8,2024-03-21,1328.0,LFBL,LFBU,EC35,T,FHBOI    ,AA57083614,,EC35
FHBOI,EC35,LFBU,LFBL,3985C8,2024-03-21,1537.0,LFBL,LFBU,EC35,T,FHBOI    ,AA57081280,,EC35
FHBOI,EC35,LFBU,LFBL,3985C8,2024-03-21,940.0,LFBL,LFBU,EC35,T,FHBOI    ,AA57095484,,EC35
FHBOI,EC35,LFBU,LFBL,3985C8,2024-03-21,1328.0,LFBL,LFBU,EC35,T,FHBOI    ,AA57083614,,EC35
FHBOI,EC35,LFBU,LFBL,3985C8,2024-03-21,1537.0,LFBL,LFBU,EC35,T,FHBOI    ,AA57081280,,EC35
FHBOI,EC35,LFBU,LFBL,3985C8,2024-03-21,940.0,LFBL,LFBU,EC35,T,FHBOI    ,AA57095484,,EC35
FHBOI,EC35,LFBU,LFBL,3985C8,2024-03-21,1328.0,LFBL,LFBU,EC35,T,FHBOI    ,AA57083614,,EC35
FHBOI,EC35,LFBU,LFBL,3985C8,2024-03-21,1537.0,LFBL,LFBU,EC35,T,FHBOI    ,AA57081280,,EC35
FHBOI,EC35,LFBU,LFBX,3985C8,2024-03-22,929.0,LFBX,LFBU,EC35,Z,FHBOI    ,AA57103536,,EC35
FHBOI,EC35,LFBX,LFBU,3985C8,2024-03-22,929.0,LFBX,LFBU,EC35,Z,FHBOI    ,AA57103536,,EC35
FHBOI,EC35,LFBU,LFBX,3985C8,2024-03-22,929.0,LFBX,LFBU,EC35,Z,FHBOI    ,AA57103536,,EC35
NAK378,BE58,LFLN,LFLS,39364B,2024-03-18,1230.0,LFLS,LFLN,TB20,Z,FGTYB    ,AA57017491,394F01,BE58
NAK378,BE58,LFLN,LFLS,39364B,2024-03-18,1815.0,LFLS,LFLN,TB20,Z,FGTYB    ,AA57022221,394F01,BE58
AUA900,A320,GMMX,LOWW,440605,2024-03-18,1609.0,GMMX,LOWW,A320,Z,OELZD    ,AA57012899,,A320
CTM2053,A400,LFOJ,OMAM,3B776D,2024-03-18,924.0,LFOJ,OMAM,A400,M,FRBAF    ,AA57009399,,A400
AFR108,A359,LFPG,VOMM,39CF04,2024-03-18,1450.0,LFPG,VOMM,A359,Z,FHUVF    ,AA57017207,39D2A5,A359
CTM3810,TBM7,LFBM,LFPV,3B7527,2024-03-18,1037.0,LFSI,LFBM,TBM7,M,FRAXG    ,AA57015684,,TBM7
CTM3810,TBM7,LFOA,LFSI,3B7527,2024-03-18,1037.0,LFSI,LFBM,TBM7,M,FRAXG    ,AA57015684,,TBM7
CTM3810,TBM7,LFPV,LFOA,3B7527,2024-03-18,1037.0,LFSI,LFBM,TBM7,M,FRAXG    ,AA57015684,,TBM7
OHWWW,PC12,LFEV,LFGF,463C6A,2024-03-18,1450.0,LFEV,LFGF,PC12,Y,OHWWW    ,AA57020463,,PC12
EJU502E,A319,LFMN,LFBO,44009E,2024-03-18,2044.0,LFMN,LFBO,A319,Z,OELKO    ,AA57009550,,A319
EJU4679,A320,LFPG,EGAA,4400B9,2024-03-18,1025.0,LFPG,EGAA,A320,Z,OEIVN    ,AA57015390,,A320
EJU437U,A320,LFMN,LFBO,4401FA,2024-03-18,949.0,LFMN,LFBO,A320,Z,OEIVW    ,AA56998835,,A320
9HGRC,FA8X,DNAA,LSGG,4D21C7,2024-03-18,1431.0,DNAA,LSGG,FA8X,Z,9HGRC    ,AA57012722,,FA8X
OCN139,A333,FYWH,EDDF,3C6568,2024-03-18,208.0,FYWH,EDDF,A333,Z,DAIKH    ,AA56991845,,A333
CTM1200,A400,LFBF,LFOJ,3B7762,2024-03-18,710.0,LFOJ,LFBF,A400,M,FRBAQ    ,AA56935841,,A400
CTM1200,A400,LFOJ,LFBF,3B7762,2024-03-18,710.0,LFOJ,LFBF,A400,M,FRBAQ    ,AA56935841,,A400
SWR283,B77W,FAOR,LSZH,4B1918,2024-03-18,355.0,FAOR,LSZH,B77W,Z,HBJNC    ,AA56989724,,B77W
SWR283,B77W,FAOR,LSZH,4B1918,2024-03-21,346.0,FAOR,LSZH,B77W,Z,HBJNC    ,AA57072362,,B77W
NAK715A,,,,393642,2024-03-18,1334.0,LFGJ,LFLN,BE58,T,FGNSC    ,AA57017837,4B1BFA,BE58
NAK715A,BE58,LFGJ,LFLN,393642,2024-03-18,1334.0,LFGJ,LFLN,BE58,T,FGNSC    ,AA57017837,4B1BFA,BE58
NAK715,BE58,LFLN,LFQG,393642,2024-03-21,1335.0,LFMH,LFLN,BE58,T,FGNSC    ,AA57094834,,BE58
NAK715,BE58,LFQG,LFLB,393642,2024-03-21,1335.0,LFMH,LFLN,BE58,T,FGNSC    ,AA57094834,,BE58
NAK715,BE58,LFLB,LFMH,393642,2024-03-21,1335.0,LFMH,LFLN,BE58,T,FGNSC    ,AA57094834,,BE58
NAK744,BE58,LFBK,LFLV,393642,2024-03-22,1010.0,LFLV,LFLW,BE58,T,FGNSC    ,AA57124854,,BE58
NAK744,BE58,LFLW,LFLC,393642,2024-03-22,1010.0,LFLV,LFLW,BE58,T,FGNSC    ,AA57124854,,BE58
NAK744,BE58,LFQG,LFBK,393642,2024-03-22,1010.0,LFLV,LFLW,BE58,T,FGNSC    ,AA57124854,,BE58
NAK744,BE58,LFLN,LFQG,393642,2024-03-22,1010.0,LFLV,LFLW,BE58,T,FGNSC    ,AA57124854,,BE58
DLH573,B748,FAOR,EDDF,3C4B35,2024-03-18,232.0,FAOR,EDDF,B748,Z,DABYUI   ,AA56991336,,B748
AFR406,B772,LFPG,SCEL,3949F9,2024-03-18,2235.0,LFPG,SCEL,B772,Z,FGSPI    ,AA57024751,3949E8,B772
JFA11P,PC12,LSGG,LFLB,4D02CD,2024-03-18,1618.0,LFLI,LFMS,PC12,Y,LXRUM    ,AA56993061,,PC12
CTM1140,CN35,LFOE,LFBI,3B77DE,2024-03-18,1436.0,LFBL,LFOJ,CN35,M,156      ,         ,,CN35
CTM1140,CN35,LFDH,LFLX,3B77DE,2024-03-18,1436.0,LFBL,LFOJ,CN35,M,156      ,         ,,CN35
CTM1140,CN35,LFOJ,LFRG,3B77DE,2024-03-19,953.0,LFLX,LFOJ,CN35,M,FRAIQ    ,AA57022850,,CN35
CTM1140,CN35,LFOJ,LFRN,3B77DE,2024-03-19,953.0,LFLX,LFOJ,CN35,M,FRAIQ    ,AA57022850,,CN35
CTM1140,CN35,LFLX,LFOJ,3B77DE,2024-03-19,953.0,LFLX,LFOJ,CN35,M,FRAIQ    ,AA57022850,,CN35
CTM1140,CN35,LFOJ,LFLX,3B77DE,2024-03-19,953.0,LFLX,LFOJ,CN35,M,FRAIQ    ,AA57022850,,CN35
FMY8511,NH90,LFBP,LFBZ,3AAABC,2024-03-18,925.0,LFBZ,LFBY,NH90,M,FMEBM    ,AA57010491,,NH90
AFR108,A359,LFPG,VOMM,39D2A5,2024-03-18,916.0,LFPG,LFPG,A359,Z,FHTYE    ,         ,39CF04,A359
ITY803,A320,DAAG,LIRF,4CA8DC,2024-03-18,500.0,DAAG,LIRF,A320,Z,EIIKL    ,AA56994995,,A320
FMY88C7,AS55,LFLY,LFMV,3AABD0,2024-03-18,845.0,LFMC,LFMV,AS55,M,FMAYG    ,AA56933243,4CA900,AS55
FMY88C7,AS55,LFLY,LFMV,3AABD0,2024-03-18,1514.0,LFMV,LFMC,AS55,M,FMAYG    ,AA56934533,,AS55
FMY88C7,AS55,LFMC,LFMV,3AABD0,2024-03-18,845.0,LFMC,LFMV,AS55,M,FMAYG    ,AA56933243,4CA900,AS55
FMY88C7,AS55,LFMC,LFMV,3AABD0,2024-03-18,1514.0,LFMV,LFMC,AS55,M,FMAYG    ,AA56934533,,AS55
VLG6QK,A20N,LFPG,LEBL,346184,2024-03-18,1739.0,LFPG,LEBL,A320,Z,ECMES    ,AA57007599,344693,A20N
NOS1857,B38M,GOBD,LIRF,4CA961,2024-03-18,2354.0,GOBD,LIRF,B38M,Z,EIRZC    ,AA57016050,,B38M
WZZ21WY,A21N,GMMX,EPWA,471F3C,2024-03-18,1914.0,GMMX,EPWA,A21N,Z,HALVO    ,AA57009458,,A21N
FDX5277,B77L,OMDW,LFPG,AB87C8,2024-03-18,1959.0,LFPG,KMEM,B77L,Z,N860FD   ,AA57020879,ABCF58,B77L
DLH577,A343,FACT,EDDF,3C64FA,2024-03-18,301.0,FACT,EDDF,A343,Z,DAIGZ    ,AA56992290,,A343
DLH577,A343,FACT,EDDF,3C64FA,2024-03-21,258.0,FACT,EDDF,A343,Z,DAIGZ    ,AA57073040,,A343
OCN133C,A333,FYWH,EDDF,3C6563,2024-03-19,206.0,FYWH,EDDF,A333,Z,DAIKC    ,AA57019792,,A333
FMEBR,NH90,LFSB,LFST,3AAAB7,2024-03-19,1550.0,LFST,LFQP,NH90,M,1443     ,AA57041498,440C83,NH90
FMEBR,,,,3AAAB7,2024-03-19,1550.0,LFST,LFQP,NH90,M,1443     ,AA57041498,440C83,NH90
FMEBR,,,,3AAAB7,2024-03-19,1550.0,LFST,LFQP,NH90,M,1443     ,AA57041498,440C83,NH90
FMEBR,,,,3AAAB7,2024-03-19,1550.0,LFST,LFQP,NH90,M,1443     ,AA57041498,440C83,NH90
FMEBR,,,,3AAAB7,2024-03-19,1550.0,LFST,LFQP,NH90,M,1443     ,AA57041498,440C83,NH90
FWI606,A359,LFPO,MDPC,0200FB,2024-03-19,1120.0,LFPO,MDPC,A359,Z,FHTRE    ,AA57033171,39CE24,B738
FAF6515,PC21,LFBD,LFBG,3B75F7,2024-03-19,2010.0,LFBD,LFBG,PC21,M,FRBFJ    ,AA57048301,345692,PC21
FAF6515,PC21,LFBG,LFBD,3B75F7,2024-03-19,2010.0,LFBD,LFBG,PC21,M,FRBFJ    ,AA57048301,345692,PC21
RGA02,,,,4B43AB,2024-03-19,1403.0,LFSB,LFSB,EC45,Z,HBZQH    ,AA57046589,,EC45
RGA02,,,,4B43AB,2024-03-19,1403.0,LFSB,LFSB,EC45,Z,HBZQH    ,AA57046589,,EC45
RGA02,EC45,LFSB,LFSB,4B43AB,2024-03-19,1403.0,LFSB,LFSB,EC45,Z,HBZQH    ,AA57046589,,EC45
RGA02,,,,4B43AB,2024-03-19,1403.0,LFSB,LFSB,EC45,Z,HBZQH    ,AA57046589,,EC45
RGA02,,,,4B43AB,2024-03-19,1403.0,LFSB,LFSB,EC45,Z,HBZQH    ,AA57046589,,EC45
RGA02,,,,4B43AB,2024-03-19,1403.0,LFSB,LFSB,EC45,Z,HBZQH    ,AA57046589,,EC45
RGA02,,,,4B43AB,2024-03-19,1403.0,LFSB,LFSB,EC45,Z,HBZQH    ,AA57046589,,EC45
RGA02,,,,4B43AB,2024-03-19,1403.0,LFSB,LFSB,EC45,Z,HBZQH    ,AA57046589,,EC45
RGA02,,,,4B43AB,2024-03-19,1403.0,LFSB,LFSB,EC45,Z,HBZQH    ,AA57046589,,EC45
RGA02,,,,4B43AB,2024-03-19,1403.0,LFSB,LFSB,EC45,Z,HBZQH    ,AA57046589,,EC45
RGA02,EC45,EDTF,LFSB,4B43AB,2024-03-19,1403.0,LFSB,LFSB,EC45,Z,HBZQH    ,AA57046589,,EC45
RGA02,,,,4B43AB,2024-03-19,1403.0,LFSB,LFSB,EC45,Z,HBZQH    ,AA57046589,,EC45
FHCHV,EC35,LFBU,LFBU,3988F5,2024-03-19,855.0,LFBU,LFBU,EC35,Z,FHCHV    ,AA57023232,,EC35
FHCHV,EC35,LFBU,LFBU,3988F5,2024-03-19,1100.0,LFBU,LFBU,EC35,Z,FHCHV    ,AA57027869,,EC35
FHCHV,EC35,LFBU,LFBU,3988F5,2024-03-19,855.0,LFBU,LFBU,EC35,Z,FHCHV    ,AA57023232,,EC35
FHCHV,EC35,LFBU,LFBU,3988F5,2024-03-19,1100.0,LFBU,LFBU,EC35,Z,FHCHV    ,AA57027869,,EC35
FHCHV,EC35,LFBU,LFBU,3988F5,2024-03-19,855.0,LFBU,LFBU,EC35,Z,FHCHV    ,AA57023232,,EC35
FHCHV,EC35,LFBU,LFBU,3988F5,2024-03-19,1100.0,LFBU,LFBU,EC35,Z,FHCHV    ,AA57027869,,EC35
FHCHV,EC35,LFBL,LFBU,3988F5,2024-03-21,1511.0,LFBL,LFBU,EC35,T,FHCHV    ,AA57103917,,EC35
FHCHV,EC35,LFBU,LFBL,3988F5,2024-03-21,1511.0,LFBL,LFBU,EC35,T,FHCHV    ,AA57103917,,EC35
FHCHV,EC35,LFBU,LFBL,3988F5,2024-03-21,1511.0,LFBL,LFBU,EC35,T,FHCHV    ,AA57103917,,EC35
FHCHV,EC35,LFBL,LFBU,3988F5,2024-03-21,1511.0,LFBL,LFBU,EC35,T,FHCHV    ,AA57103917,,EC35
FHCHV,EC35,LFBU,LFBL,3988F5,2024-03-21,1511.0,LFBL,LFBU,EC35,T,FHCHV    ,AA57103917,,EC35
AXY224P,E190,LFLB,LTFM,4D2443,2024-03-19,1250.0,LFLB,LTFM,E190,Z,9HDEE    ,AA57043729,,E190
HRN121,C525,LFMN,LFMD,3E3735,2024-03-19,1725.0,LFMN,LFMD,C525,Z,DIMCJ    ,AA57047906,,C525
DLH561,A333,FNLU,EDDF,3C656D,2024-03-19,405.0,FNLU,EDDF,A333,Z,DAIKM    ,AA57024337,,A333
DLH561,A333,FNLU,EDDF,3C656D,2024-03-21,417.0,FNLU,EDDF,A333,Z,DAIKM    ,AA57078410,,A333
QTR8233,B77L,DAAG,EDDF,06A081,2024-03-19,1510.0,DAAG,EDDF,B77L,Z,A7BFC    ,AA57041656,,B77L
ITY681,A359,SAEZ,LIRF,4CAD44,2024-03-19,355.0,SAEZ,LIRF,A359,Z,EIIFA    ,AA57016594,,A359
ARL226,SW3,LFBO,LFLU,391AA6,2024-03-19,1730.0,LFLU,LFBD,SW3,Z,FGGVG    ,AA57048894,,SW3
ARL226,SW3,LFLU,LFBD,391AA6,2024-03-19,1730.0,LFLU,LFBD,SW3,Z,FGGVG    ,AA57048894,,SW3
ARL226,SW3,LFBD,LPFR,391AA6,2024-03-19,1730.0,LFLU,LFBD,SW3,Z,FGGVG    ,AA57048894,,SW3
ARL226,SW3,LPFR,LFBO,391AA6,2024-03-19,1730.0,LFLU,LFBD,SW3,Z,FGGVG    ,AA57048894,,SW3
EVX42LY,,,,381C1A,2024-03-19,1310.0,LFBO,LFBO,AT46,E,FWWLY    ,         ,,AT46
DAH2840,B738,DAAG,LHSM,0A0018,2024-03-19,755.0,DAAG,LHSM,B738,Z,7TVJJ    ,AA57026698,,B738
FMJBI,EC45,LFRN,LFRM,3AAC0C,2024-03-19,1011.0,LFRZ,LFRN,EC45,M,FMJBI    ,AA57041339,4CA643,EC45
FMJBI,EC45,LFRZ,LFRN,3AAC0C,2024-03-19,1011.0,LFRZ,LFRN,EC45,M,FMJBI    ,AA57041339,4CA643,EC45
7TVNM,C56X,DAUH,LIML,0A0097,2024-03-19,940.0,DAUH,LIML,C56X,Z,7TVNM    ,AA57010408,,C56X
7TVNM,C56X,LIML,DAUH,0A0097,2024-03-19,940.0,DAUH,LIML,C56X,Z,7TVNM    ,AA57010408,,C56X
AIB25WG,C650,LFBO,LFBC,396F5B,2024-03-19,1235.0,LFBO,LFBC,C650,E,FWXWG    ,AA57041959,38FCDC,C650
AIB25WG,,,,396F5B,2024-03-19,1235.0,LFBO,LFBC,C650,E,FWXWG    ,AA57041959,38FCDC,C650
AIB25WG,C650,LFBC,LFBO,396F5B,2024-03-19,1235.0,LFBO,LFBC,C650,E,FWXWG    ,AA57041959,38FCDC,C650
AIB25WG,C650,LFBC,LFBO,396F5B,2024-03-19,1235.0,LFBO,LFBC,C650,E,FWXWG    ,AA57041959,38FCDC,C650
CTM0030,,,,3B77C6,2024-03-19,1700.0,LFPV,LFOE,CN35,M,FRAIL    ,AA57049054,,CN35
CTM0030,CN35,LFPV,LFOE,3B77C6,2024-03-19,1700.0,LFPV,LFOE,CN35,M,FRAIL    ,AA57049054,,CN35
CTM0030,CN35,LFOE,LFPV,3B77C6,2024-03-19,1700.0,LFPV,LFOE,CN35,M,FRAIL    ,AA57049054,,CN35
CTM0030,,,,3B77C6,2024-03-19,1700.0,LFPV,LFOE,CN35,M,FRAIL    ,AA57049054,,CN35
CTM0030,,,,3B77C6,2024-03-19,1700.0,LFPV,LFOE,CN35,M,FRAIL    ,AA57049054,,CN35
CCM321L,AT76,LFRZ,LFBO,39DD54,2024-03-19,1715.0,LFRS,LFRZ,AT76,Z,FHXKU    ,AA57025402,3C6748,AT76
CCM321L,AT76,LFRS,LFRZ,39DD54,2024-03-19,1715.0,LFRS,LFRZ,AT76,Z,FHXKU    ,AA57025402,3C6748,AT76
CCM321L,AT76,LFBO,LFRS,39DD54,2024-03-19,1715.0,LFRS,LFRZ,AT76,Z,FHXKU    ,AA57025402,3C6748,AT76
CCM321L,AT76,LFRS,LFRZ,39DD54,2024-03-21,1715.0,LFRS,LFRZ,AT76,Z,FHXKU    ,AA57079600,400B83,AT76
CCM321L,AT76,LFRZ,LFBO,39DD54,2024-03-21,1715.0,LFRS,LFRZ,AT76,Z,FHXKU    ,AA57079600,400B83,AT76
CCM321L,AT76,LFBO,LFRS,39DD54,2024-03-21,1715.0,LFRS,LFRZ,AT76,Z,FHXKU    ,AA57079600,400B83,AT76
FDX5217,B77L,VHHH,EBLG,AC638D,2024-03-19,2009.0,LFPG,KMEM,B77L,Z,N843FD   ,AA57050692,AB8B7F,B77L
FDX5217,B77L,EBLG,LFPG,AC638D,2024-03-19,2009.0,LFPG,KMEM,B77L,Z,N843FD   ,AA57050692,AB8B7F,B77L
CCM55FH,A20N,LFML,LFKJ,39DD45,2024-03-19,52.0,LFML,LFKJ,A20N,Z,FHXKJ    ,AA57024093,39DD49,A20N
CCM55FH,A20N,LFML,LFKJ,39DD45,2024-03-19,2055.0,LFML,LFKJ,A20N,Z,FHXKF    ,AA57029172,,A20N
DEF05C,JS41,LFTW,LFRH,3982A3,2024-03-19,1001.0,LFTW,LFRH,A319,Z,GEUPK    ,AA57015435,40087A,JS41
CCM62PM,A20N,LFKJ,LFML,39DD49,2024-03-19,1845.0,LFKJ,LFML,A20N,Z,FHXKF    ,AA57026704,39DD45,A20N
CCM55FH,A20N,LFML,LFKJ,39DD49,2024-03-19,2055.0,LFML,LFKJ,A20N,Z,FHXKF    ,AA57029172,,A20N
FHLRV,PC12,LFOD,LFBH,39AE35,2024-03-19,645.0,LFRI,LFOD,PC12,Z,FHLRV    ,AA56939430,4BB266,PC12
FHLRV,PC12,LFBH,EHBD,39AE35,2024-03-19,645.0,LFRI,LFOD,PC12,Z,FHLRV    ,AA56939430,4BB266,PC12
FHLRV,PC12,LFRI,LFOD,39AE35,2024-03-19,645.0,LFRI,LFOD,PC12,Z,FHLRV    ,AA56939430,4BB266,PC12
SWR283,B77W,FAOR,LSZH,4B1916,2024-03-19,345.0,FAOR,LSZH,B77W,Z,HBJNA    ,AA57018297,,B77W
CTM1407,DHC6,EBLG,EDDB,3B76A2,2024-03-19,646.0,LFOE,EBLG,DHC6,M,FRACC    ,AA57015697,,DHC6
DGNAT,PA34,LFMA,LFMV,3DB05F,2024-03-19,1339.0,LFMV,LFMV,PA34,Z,DGNAT    ,         ,,PA34
DGNAT,PA34,LFMA,LFMV,3DB05F,2024-03-19,1345.0,LFMV,LFMA,PA34,Z,DGNAT    ,AA57028340,,PA34
CTM2039,A400,LFOJ,EBMB,3B7768,2024-03-19,1240.0,LFOJ,EBMB,A400,M,FRBAK    ,AA57020744,,A400
TIE087H,BE4W,LFAQ,EPPO,49D304,2024-03-19,600.0,LFAQ,EPPO,BE4W,Z,OKRAH    ,AA57022607,,BE40
CTM1276,FA7X,LFML,LFPV,3B76B3,2024-03-19,826.0,LFPV,LFML,FA7X,M,FRAFB    ,AA57036966,,FA7X
AGH03A,BE20,LFKB,LFKB,399541,2024-03-19,1546.0,LFKB,LFKB,BE20,Z,FHFKB    ,AA57047150,,BE20
AGH03A,,,,399541,2024-03-19,1546.0,LFKB,LFKB,BE20,Z,FHFKB    ,AA57047150,,BE20
AGH06A,BE20,LFMN,LFKB,399541,2024-03-20,2320.0,LFMN,LFKB,BE20,Z,FHFKB    ,AA57080895,,BE20
EJU87PL,A320,LFPG,GMAD,440019,2024-03-19,549.0,LFPG,GMAD,A320,Z,OEICF    ,AA57021459,40688B,A320
ITY801,A20N,DAAG,LIRF,4CADAD,2024-03-19,1711.0,DAAG,LIRF,A20N,Z,EIHJE    ,AA57043192,,A20N
RYR8KE,B738,GMMX,LIRA,4CA802,2024-03-19,710.0,GMMX,LIRA,B738,Z,EIEKD    ,AA57028731,,B738
EVX72EV,,,,38189A,2024-03-19,802.0,LFBF,LFBF,AT76,Z,FWWEV    ,         ,,AT76
EVX72EV,,,,38189A,2024-03-21,1306.0,LFBF,LFBF,AT76,E,FWWEV    ,         ,,AT76
CTM1275,FA7X,LFML,LFPV,3B770D,2024-03-19,826.0,LFPV,LFML,FA7X,M,FRAFA    ,AA57039634,,FA7X
DLH577,A343,FACT,EDDF,3C64F3,2024-03-19,446.0,FACT,EDDF,A343,Z,DAIGS    ,AA57019661,,A343
TVF060,B738,LFMT,LFMT,3964E3,2024-03-19,1330.0,LFMT,LFMT,B738,Z,FGZHD    ,AA57041933,,B738
PGC12F,,,,44C06A,2024-03-19,945.0,LFQT,LFQT,PC12,Z,OOPCJ    ,AA57042036,,PC12
PGC12F,,,,44C06A,2024-03-19,956.0,LFQT,LFQT,PC12,Z,OOPCJ    ,AA57042137,,PC12
PGC12F,,,,44C06A,2024-03-19,1314.0,LFAQ,LFAQ,PC12,Z,OOPCJ    ,AA57044194,,PC12
PGC12F,,,,44C06A,2024-03-19,945.0,LFQT,LFQT,PC12,Z,OOPCJ    ,AA57042036,,PC12
PGC12F,,,,44C06A,2024-03-19,956.0,LFQT,LFQT,PC12,Z,OOPCJ    ,AA57042137,,PC12
PGC12F,,,,44C06A,2024-03-19,1314.0,LFAQ,LFAQ,PC12,Z,OOPCJ    ,AA57044194,,PC12
PGC12F,PC12,EBCI,LFQT,44C06A,2024-03-19,945.0,LFQT,LFQT,PC12,Z,OOPCJ    ,AA57042036,,PC12
PGC12F,PC12,EBCI,LFQT,44C06A,2024-03-19,956.0,LFQT,LFQT,PC12,Z,OOPCJ    ,AA57042137,,PC12
PGC12F,PC12,EBCI,LFQT,44C06A,2024-03-19,1314.0,LFAQ,LFAQ,PC12,Z,OOPCJ    ,AA57044194,,PC12
PGC32X,PC12,LFMA,EBCI,44C06A,2024-03-22,1443.0,LFLP,LFTZ,PC12,Z,OOPCA    ,AA57077574,44C061,PC12
THY5LY,A321,DAAG,LTFM,4BA9AA,2024-03-19,8.0,DAAG,LTFM,A321,Z,TCJMJ    ,AA57024089,,A321
FMY8042,TBM7,LFRN,LFRN,3AABFA,2024-03-19,1414.0,LFRN,LFRN,TBM7,M,FMABT    ,AA57043128,39D16B,TBM7
AFR454,A359,LFPG,SBGR,39CF00,2024-03-19,2241.0,LFPG,SBGR,A359,Z,FHTYO    ,AA57051665,39CF0E,A359
AFR454,A359,LFPG,SBGR,39CF00,2024-03-21,2259.0,LFPG,SBGR,A359,Z,FHTYD    ,AA57109472,39CF03,A359
FDX5021,B77L,EBLG,LFPG,AC297B,2024-03-20,1954.0,LFPG,KMEM,B77L,Z,N862FD   ,AA57078201,ABD6C6,B77L
FDX5021,B77L,VHHH,EBLG,AC297B,2024-03-20,1954.0,LFPG,KMEM,B77L,Z,N862FD   ,AA57078201,ABD6C6,B77L
THY6311,A332,DNMM,LSZH,39B227,2024-03-20,439.0,DNMM,LSZH,A332,Z,FHMRH    ,AA57047174,,A332
THY6311,A332,LSZH,LTFM,39B227,2024-03-20,439.0,DNMM,LSZH,A332,Z,FHMRH    ,AA57047174,,A332
ITY679,A332,SBGR,LIRF,4CA87C,2024-03-20,1001.0,SBGR,LIRF,A332,Z,EIEJG    ,AA57048440,,A332
ABD332,B744,HKJK,EBLG,4CC45A,2024-03-20,423.0,HKJK,EBLG,B744,Z,TFAMP    ,AA57051239,,B744
DRAGO17,,,,3B7BA3,2024-03-20,1520.0,LFBH,LFBH,EC45,P,FZBPH    ,AA57075095,,EC45
DRAGO17,,,,3B7BA3,2024-03-20,1520.0,LFBH,LFBH,EC45,P,FZBPH    ,AA57075095,,EC45
DRAGO17,EC45,LFBD,LFBH,3B7BA3,2024-03-20,1520.0,LFBH,LFBH,EC45,P,FZBPH    ,AA57075095,,EC45
DRAGO17,,,,3B7BA3,2024-03-20,1520.0,LFBH,LFBH,EC45,P,FZBPH    ,AA57075095,,EC45
DRAGO17,,,,3B7BA3,2024-03-20,1520.0,LFBH,LFBH,EC45,P,FZBPH    ,AA57075095,,EC45
DRAGO17,,,,3B7BA3,2024-03-20,1520.0,LFBH,LFBH,EC45,P,FZBPH    ,AA57075095,,EC45
DRAGO17,EC45,LFBH,LFBH,3B7BA3,2024-03-20,1520.0,LFBH,LFBH,EC45,P,FZBPH    ,AA57075095,,EC45
DRAGO17,,,,3B7BA3,2024-03-20,1520.0,LFBH,LFBH,EC45,P,FZBPH    ,AA57075095,,EC45
FMY8636,EC25,LFBP,LFDJ,3AABF3,2024-03-20,815.0,LFDJ,LFBP,EC25,M,FMCAB    ,AA57047928,,EC25
AIB28LR,,,,395CBB,2024-03-20,1300.0,LFBO,LFBO,A21N,E,FWXLR    ,         ,,A21N
FAF902,E3CF,LFOA,LFOA,3B77DD,2024-03-20,445.0,LFOA,LFOA,E3CF,M,FUJCA    ,AA57044105,,E3CF
FHYPF,P46T,LFKA,LFMD,39E1E5,2024-03-20,1454.0,LFKA,LFMD,P46T,Z,FHYPF    ,AA57048982,,P46T
FHYPF,P46T,LFBH,LFKA,39E1E5,2024-03-20,1454.0,LFKA,LFMD,P46T,Z,FHYPF    ,AA57048982,,P46T
NSZ3641,B38M,LFMN,EKCH,47C0FD,2024-03-20,2320.0,LFMN,EKCH,B38M,Z,LNFGH    ,AA57076614,,B38M
NAK107,BE58,LFBS,LFBT,393647,2024-03-20,1320.0,LFDH,LFMK,BE58,T,FGNSH    ,         ,,BE58
NAK107,BE58,LFBS,LFDH,393647,2024-03-20,1320.0,LFDH,LFMK,BE58,T,FGNSH    ,         ,,BE58
EDW85,A343,FACT,LSZH,4B1901,2024-03-20,359.0,FACT,LSZH,A343,Z,HBJMF    ,AA57045208,,A343
THY6080,A332,LFSB,LTFM,4BA9FA,2024-03-20,653.0,DNMM,LFSB,A332,Z,TCJOZ    ,AA57050993,,A332
THY6080,A332,DNMM,LFSB,4BA9FA,2024-03-20,653.0,DNMM,LFSB,A332,Z,TCJOZ    ,AA57050993,,A332
EJU58EL,,LFPO,EDDB,3C6677,2024-03-20,1722.0,LFPO,EDDB,A320,Z,OEINF    ,AA57060774,440237,A321
FGXAE,E55P,LFTH,LFPB,395C04,2024-03-20,1739.0,LFTH,LFPB,E55P,Z,FGXAE    ,AA57076094,AA790B,E55P
FGXAE,E55P,LFPB,LFTH,395C04,2024-03-20,1739.0,LFTH,LFPB,E55P,Z,FGXAE    ,AA57076094,AA790B,E55P
FDO5616,B350,LFRH,LFRC,3B7B22,2024-03-20,1310.0,LFRC,LFRH,B350,P,FZBGO    ,AA57072272,,B350
FDO5616,B350,LFRC,LFRH,3B7B22,2024-03-20,1310.0,LFRC,LFRH,B350,P,FZBGO    ,AA57072272,,B350
SWR283,B77W,FAOR,LSZH,4B191E,2024-03-20,336.0,FAOR,LSZH,B77W,Z,HBJNI    ,AA57046373,,B77W
CEV4519,TBM9,LFMI,LFBT,3B7F6B,2024-03-20,940.0,LFBT,LFBP,TBM9,M,FZCER    ,AA57068471,3B7F69,TBM9
CEV4519,TBM9,LFMI,LFBT,3B7F6B,2024-03-20,1103.0,LFBP,LFBC,TBM9,M,FZCER    ,AA57068472,3B7F69,TBM9
FMY8042,TBM7,LFRN,LFRD,3AABF9,2024-03-20,915.0,LFRD,LFRN,TBM7,M,FMABU    ,AA57047751,,TBM7
JFA56M,PC12,LFLB,LFLJ,4D02B0,2024-03-20,830.0,LFLB,LFLJ,PC12,Z,LXJFB    ,AA57048685,,PC12
AIB02IL,,,,38E83B,2024-03-20,824.0,LFBO,LFBO,A35K,E,FWMIL    ,         ,,A35K
ITY801,A20N,DAAG,LIRF,4CADE8,2024-03-20,1727.0,DAAG,LIRF,A20N,Z,EIHOH    ,AA57070483,,A20N
ITY675,A359,SBGR,LIRF,4CAD45,2024-03-20,430.0,SBGR,LIRF,A359,Z,EIIFB    ,AA57047552,,A359
CEV4519,TBM9,LFBP,LFBC,3B7F69,2024-03-20,804.0,LFMI,LFBT,TBM9,M,FZCEV    ,AA57056005,3B7F6B,TBM9
CEV4519,TBM9,LFBT,LFBP,3B7F69,2024-03-20,804.0,LFMI,LFBT,TBM9,M,FZCEV    ,AA57056005,3B7F6B,TBM9
RYR8KE,B38M,GMMX,LIRA,4CAD0F,2024-03-20,659.0,GMMX,LIRA,B38M,Z,EIHGW    ,AA57055456,,B38M
AFR454,A359,LFPG,SBGR,39CF0E,2024-03-20,2253.0,LFPG,SBGR,A359,Z,FHTYA    ,AA57079139,39CF00,A359
PGT67RR,,LFLL,LTFJ,0A0049,2024-03-20,1150.0,LFLL,LTFJ,A21N,Z,TCRBE    ,AA57059873,4BC845,B738
FGVCL,P32R,LFMV,LFMA,395562,2024-03-21,900.0,LFMV,LFMA,P32R,Z,FGVCL    ,AA57093704,,B190
FGVCL,P32R,LFMV,LFMA,395562,2024-03-21,1045.0,LFMV,LFMA,P32R,Z,FGVCL    ,AA57079653,,B190
FGVCL,P32R,LFMV,LFMA,395562,2024-03-21,1553.0,LFMV,LFMV,P32R,Z,FGVCL    ,         ,,B190
FGVCL,P32R,LFMA,LFMV,395562,2024-03-21,900.0,LFMV,LFMA,P32R,Z,FGVCL    ,AA57093704,,B190
FGVCL,P32R,LFMA,LFMV,395562,2024-03-21,1045.0,LFMV,LFMA,P32R,Z,FGVCL    ,AA57079653,,B190
FGVCL,P32R,LFMA,LFMV,395562,2024-03-21,1553.0,LFMV,LFMV,P32R,Z,FGVCL    ,         ,,B190
FGVCL,P32R,LFMA,LFMV,395562,2024-03-21,900.0,LFMV,LFMA,P32R,Z,FGVCL    ,AA57093704,,B190
FGVCL,P32R,LFMA,LFMV,395562,2024-03-21,1045.0,LFMV,LFMA,P32R,Z,FGVCL    ,AA57079653,,B190
FGVCL,P32R,LFMA,LFMV,395562,2024-03-21,1553.0,LFMV,LFMV,P32R,Z,FGVCL    ,         ,,B190
FGVCL,P32R,LFMA,LFMV,395562,2024-03-21,900.0,LFMV,LFMA,P32R,Z,FGVCL    ,AA57093704,,B190
FGVCL,P32R,LFMA,LFMV,395562,2024-03-21,1045.0,LFMV,LFMA,P32R,Z,FGVCL    ,AA57079653,,B190
FGVCL,P32R,LFMA,LFMV,395562,2024-03-21,1553.0,LFMV,LFMV,P32R,Z,FGVCL    ,         ,,B190
SRR6374,B763,EDDK,LFLL,45CF22,2024-03-21,440.0,LFLL,LFBO,B763,Z,OYSYB    ,AA57062126,,B763
SRR6374,,EDDK,LFLL,45CF22,2024-03-21,440.0,LFLL,LFBO,B763,Z,OYSYB    ,AA57062126,,B763
SRR6374,B763,LFLL,LFBO,45CF22,2024-03-21,440.0,LFLL,LFBO,B763,Z,OYSYB    ,AA57062126,,B763
FNY50D1,E121,LFRH,LFOA,3B9BB1,2024-03-21,1033.0,LFOA,LFRH,E121,M,FYSBK    ,AA57075903,3B9BAA,E121
CTM1435,C130,LFBP,LFBP,3B771B,2024-03-21,1337.0,LFBP,LFBP,C130,M,FRAPB    ,AA57099137,,C130
CTM1435,C130,LFBP,LFBP,3B771B,2024-03-21,1337.0,LFBP,LFBP,C130,M,FRAPB    ,AA57099137,,C130
CTM1435,C130,LFBP,LFBP,3B771B,2024-03-21,1337.0,LFBP,LFBP,C130,M,FRAPB    ,AA57099137,,C130
SAMU59,,,,39B5D1,2024-03-21,1310.0,LFQQ,LFAC,EC45,Z,FHNOR    ,AA57101789,,EC45
SAMU59,,,,39B5D1,2024-03-21,1310.0,LFQQ,LFAC,EC45,Z,FHNOR    ,AA57101789,,EC45
SAMU59,,,,39B5D1,2024-03-21,1310.0,LFQQ,LFAC,EC45,Z,FHNOR    ,AA57101789,,EC45
SAMU59,EC35,LFQQ,LFQQ,39B5D1,2024-03-21,1310.0,LFQQ,LFAC,EC45,Z,FHNOR    ,AA57101789,,EC45
SAMU59,EC45,LFQQ,LFQQ,39B5D1,2024-03-21,1310.0,LFQQ,LFAC,EC45,Z,FHNOR    ,AA57101789,,EC45
SAMU59,,,,39B5D1,2024-03-21,1310.0,LFQQ,LFAC,EC45,Z,FHNOR    ,AA57101789,,EC45
SAMU59,,,,39B5D1,2024-03-21,1310.0,LFQQ,LFAC,EC45,Z,FHNOR    ,AA57101789,,EC45
SAMU59,EC45,LFQQ,LFQQ,39B5D1,2024-03-21,1310.0,LFQQ,LFAC,EC45,Z,FHNOR    ,AA57101789,,EC45
SAMU59,EC35,LFQQ,LFAC,39B5D1,2024-03-21,1310.0,LFQQ,LFAC,EC45,Z,FHNOR    ,AA57101789,,EC45
OCN133C,A332,FYWH,EDDF,3C15BE,2024-03-21,303.0,FYWH,EDDF,A332,Z,DAXGB    ,AA57074939,,A332
KFE908,GLEX,DNAA,LSGG,4D20AC,2024-03-21,1215.0,DNAA,LSGG,GLEX,Z,9HIII    ,AA57073119,,GLEX
NAK730A,BE58,LFGJ,LFSD,39364D,2024-03-21,840.0,LFGJ,LFSD,BE58,T,FGNSN    ,AA57081926,,BE58
NAK730A,BE58,LFLH,LFHY,39364D,2024-03-21,840.0,LFGJ,LFSD,BE58,T,FGNSN    ,AA57081926,,BE58
THY6397,A332,DAAG,LIMC,4BA9EF,2024-03-21,1859.0,DAAG,LIMC,A332,Z,TCJOO    ,AA57103623,,A332
THY6397,A332,LIMC,LTFM,4BA9EF,2024-03-21,1859.0,DAAG,LIMC,A332,Z,TCJOO    ,AA57103623,,A332
FAF6515,PC21,LFBG,LFBL,3B75EE,2024-03-21,1110.0,LFBL,LFBL,PC21,M,FRBFS    ,         ,,PC21
FAF6515,PC21,LFBG,LFBL,3B75EE,2024-03-21,1310.0,LFBG,LFBL,PC21,M,FAF6515  ,AA57099763,3B75F8,PC21
FAF6515,PC21,LFBG,LFBL,3B75EE,2024-03-21,1320.0,LFBL,LFBL,PC21,M,FRBFI    ,         ,3B75F8,PC21
FAF6515,PC21,LFBG,LFBL,3B75EE,2024-03-21,1334.0,LFBL,LFBG,PC21,M,FAF6515  ,AA57099764,3B75F8,PC21
FAF6515,PC21,LFBG,LFBL,3B75EE,2024-03-21,2018.0,LFBG,LFBI,PC21,M,FRBFD    ,AA57102500,3B75FD,PC21
FAF6515,PC21,LFBL,LFBG,3B75EE,2024-03-21,1110.0,LFBL,LFBL,PC21,M,FRBFS    ,         ,,PC21
FAF6515,PC21,LFBL,LFBG,3B75EE,2024-03-21,1310.0,LFBG,LFBL,PC21,M,FAF6515  ,AA57099763,3B75F8,PC21
FAF6515,PC21,LFBL,LFBG,3B75EE,2024-03-21,1320.0,LFBL,LFBL,PC21,M,FRBFI    ,         ,3B75F8,PC21
FAF6515,PC21,LFBL,LFBG,3B75EE,2024-03-21,1334.0,LFBL,LFBG,PC21,M,FAF6515  ,AA57099764,3B75F8,PC21
FAF6515,PC21,LFBL,LFBG,3B75EE,2024-03-21,2018.0,LFBG,LFBI,PC21,M,FRBFD    ,AA57102500,3B75FD,PC21
DLH573,B748,FAOR,EDDF,3C4B33,2024-03-21,237.0,FAOR,EDDF,B748,Z,DABYS    ,AA57074027,,B748
TJT35LX,,,,392DA7,2024-03-21,1922.0,LFJL,LFBO,B190,Z,FGLND    ,AA57098665,392DA3,B190
DLH507,B748,SBGR,EDDF,3C4B30,2024-03-21,717.0,SBGR,EDDF,B748,Z,DABYP    ,AA57078470,,B748
FMY8521,,,,3AAAD1,2024-03-21,1024.0,LFBP,LFBP,NH90,M,FMEAA    ,         ,,NH90
FMY8521,,,,3AAAD1,2024-03-21,1024.0,LFBP,LFBP,NH90,M,FMEAA    ,         ,,NH90
CTM1732,E121,LFOA,LFDH,3B7739,2024-03-21,1030.0,LFBT,LFBT,E121,M,FTEYA    ,         ,,E121
CTM1732,E121,LFBT,LFDH,3B7739,2024-03-21,1030.0,LFBT,LFBT,E121,M,FTEYA    ,         ,,E121
CTM1732,E121,LFDH,LFBT,3B7739,2024-03-21,1030.0,LFBT,LFBT,E121,M,FTEYA    ,         ,,E121
FMY88S2,AS32,LFMC,LFBP,3AAADD,2024-03-21,1443.0,LFBP,LFMC,AS32,M,FMCGU    ,AA57074092,3AAADF,AS32
FSF900V,PC12,LFNH,LSGG,462DD1,2024-03-21,906.0,LFNH,LSGG,PC12,Y,OHRJD    ,AA57074890,,PC12
FSF900V,PC12,LSGG,LFNH,462DD1,2024-03-21,906.0,LFNH,LSGG,PC12,Y,OHRJD    ,AA57074890,,PC12
DLH1317,A319,DAAG,EDDF,3C644A,2024-03-21,1229.0,DAAG,EDDF,A319,Z,DAIBJ    ,AA57090001,,A319
RYR49LK,B738,GMMX,LIRN,4D2286,2024-03-21,1914.0,GMMX,LIRN,B738,Z,9HQDP    ,AA57092435,,B738
FDX21,B77L,EBLG,LFPG,AC5868,2024-03-21,2008.0,LFPG,KMEM,B77L,Z,N884FD   ,AA57103962,AC2D32,B77L
FDX21,B77L,VHHH,EBLG,AC5868,2024-03-21,2008.0,LFPG,KMEM,B77L,Z,N884FD   ,AA57103962,AC2D32,B77L
OMA132,B789,LFPG,OOMS,70C0EF,2024-03-21,32.0,LFPG,OOMS,B788,Z,A4OSB    ,AA57075670,70C0CE,B789
OMA132,B789,LFPG,OOMS,70C0EF,2024-03-21,2023.0,LFPG,OOMS,B788,Z,A4OSB    ,AA57103997,70C0CE,B789
AOJF1,GLEX,LFMN,LIPH,4401A3,2024-03-21,1645.0,LFMN,LIPH,GLEX,Z,OELIT    ,AA57082058,3CF571,GLEX
CTM1280,F2TH,LFPV,LFKJ,3B76A4,2024-03-21,906.0,LFKJ,LFKJ,F2TH,M,FRAFD    ,         ,,F2TH
CTM1280,F2TH,LFPV,LFKJ,3B76A4,2024-03-21,1049.0,LFKJ,LFPV,F2TH,M,FRAFD    ,AA57081427,440BD6,F2TH
CTM1280,,LFKJ,LFPV,3B76A4,2024-03-21,906.0,LFKJ,LFKJ,F2TH,M,FRAFD    ,         ,,F2TH
CTM1280,,LFKJ,LFPV,3B76A4,2024-03-21,1049.0,LFKJ,LFPV,F2TH,M,FRAFD    ,AA57081427,440BD6,F2TH
CTM1280,F2TH,LFKJ,LFPV,3B76A4,2024-03-21,906.0,LFKJ,LFKJ,F2TH,M,FRAFD    ,         ,,F2TH
CTM1280,F2TH,LFKJ,LFPV,3B76A4,2024-03-21,1049.0,LFKJ,LFPV,F2TH,M,FRAFD    ,AA57081427,440BD6,F2TH
SAS80D,A20N,LFMN,ESSA,4CAD91,2024-03-21,950.0,LFMN,ESSA,A20N,Z,EISCA    ,AA57090302,,A20N
FHTMM,DA62,LFMN,LIRQ,39CD8C,2024-03-21,1006.0,LFMN,LIRQ,DA62,Z,FHTMM    ,AA57078468,,DA62
FHTMM,,,,39CD8C,2024-03-21,1006.0,LFMN,LIRQ,DA62,Z,FHTMM    ,AA57078468,,DA62
FHTMM,DA62,LIRQ,LFMN,39CD8C,2024-03-21,1006.0,LFMN,LIRQ,DA62,Z,FHTMM    ,AA57078468,,DA62
FMY8361,PUMA,LFQE,LFOK,3AABAE,2024-03-21,1425.0,LFSG,LFQE,PUMA,M,FMDAW    ,AA57069128,,PUMA
FMY8361,PUMA,LFOK,LFSG,3AABAE,2024-03-21,1425.0,LFSG,LFQE,PUMA,M,FMDAW    ,AA57069128,,PUMA
EJU801L,A319,LFBD,LFML,4405B6,2024-03-21,601.0,LFBD,LFML,A319,Z,OELQP    ,AA57076177,,A319
OCN139,A333,FYWH,EDDF,3C5B31,2024-03-21,237.0,FYWH,EDDF,A333,Z,DAFYQ    ,AA57073757,,A333
N700JV,TBM7,LFOR,LFLW,A9556A,2024-03-21,937.0,LFLW,LFOR,TBM7,Y,N700JV   ,AA57095016,A09E19,TBM7
N700JV,TBM7,LFLW,LFOR,A9556A,2024-03-21,937.0,LFLW,LFOR,TBM7,Y,N700JV   ,AA57095016,A09E19,TBM7
EAP35A,PA34,LFMP,LFMU,39C4C1,2024-03-21,1415.0,LFMP,LFMU,PA34,T,FHRGB    ,AA57100943,300618,PA34
EAP29A,PA34,LFMP,LFMU,39C4C1,2024-03-22,1410.0,LFMP,LFMU,P28A,Z,FHXYZ    ,AA57131342,39DF19,PA34
EAP29B,PA34,LFMU,LFMP,39C4C1,2024-03-22,1434.0,LFMU,LFMP,P28A,Z,FHXYZ    ,AA57131372,39DF19,PA34
EAP35B,PA34,LFMU,LFMP,39C4C1,2024-03-22,1810.0,LFMU,LFMP,P28A,Z,FGHBQ    ,AA57136541,391C30,PA34
EAP35A,PA34,LFMP,LFMU,39C4C1,2024-03-22,1730.0,LFMP,LFMU,P28A,Z,FGHBQ    ,AA57136527,391C30,PA34
ITY681,A359,SAEZ,LIRF,4CAD46,2024-03-21,359.0,SAEZ,LIRF,A359,Z,EIIFC    ,AA57071566,,A359
DAH3060,A332,DAAG,ZBAA,0A0084,2024-03-21,1326.0,DAAG,ZBAA,A332,Z,7TVJA    ,AA57100919,,A332
BEL39G,A333,DTTJ,EBBR,44CCC5,2024-03-21,252.0,FKYS,EBBR,A333,Z,OOSFE    ,AA57074359,,A333
UAE6AL,B77W,LFMN,OMDB,8964A8,2024-03-21,1330.0,LFMN,OMDB,B77W,Z,A6EQP    ,AA57093561,,B77W
ITY801,A20N,DAAG,LIRF,4CADDC,2024-03-21,1716.0,DAAG,LIRF,A20N,Z,EIHOC    ,AA57099108,,A20N
DLH569,A343,DNMM,EDDF,3C64C4,2024-03-21,325.0,DNMM,EDDF,A343,Z,DAIFD    ,AA57079298,,A343
FNY50D1,E121,LFOA,LFRH,3B9BAA,2024-03-21,800.0,LFRH,LFOA,E121,M,FYSBD    ,AA57075831,3B9BB1,E121
EIN55N,A320,LFLL,EIDW,4CA293,2024-03-22,1404.0,LFLL,EIDW,A320,Z,EIDEM    ,AA57113988,,A320
NOS4455,B38M,GOBD,LIPX,4CAC36,2024-03-22,802.0,GOBD,LIPX,B38M,Z,EIRZD    ,AA57115542,,B38M
ABP711,,LFPB,LKPR,4D00D5,2024-03-22,1606.0,LFPB,LKPR,E35L,Z,OKSLN    ,AA57105365,49D0C6,DH8D
FDX5217,B77L,VHHH,EBLG,ABF0C7,2024-03-22,2000.0,LFPG,KMEM,B77L,Z,N872FD   ,AA57134732,ABFE45,B77L
FDX5217,B77L,EBLG,LFPG,ABF0C7,2024-03-22,2000.0,LFPG,KMEM,B77L,Z,N872FD   ,AA57134732,ABFE45,B77L
FHJPH,C510,LFOZ,LFOU,39A5E7,2024-03-22,2320.0,LFOU,LFRI,C510,Z,FHJPH    ,AA57073006,,C510
FHJPH,C510,LFRI,LFOU,39A5E7,2024-03-22,2320.0,LFOU,LFRI,C510,Z,FHJPH    ,AA57073006,,C510
FHJPH,C510,LFOZ,LFOU,39A5E7,2024-03-22,2320.0,LFOU,LFRI,C510,Z,FHJPH    ,AA57073006,,C510
FHJPH,C510,LFOU,LFOZ,39A5E7,2024-03-22,2320.0,LFOU,LFRI,C510,Z,FHJPH    ,AA57073006,,C510
THY5LY,B738,DAAG,LTFM,4BAACE,2024-03-22,2354.0,DAAG,LTFM,B738,Z,TCJVN    ,AA57139861,,B738
RYR6CY,B738,LFML,GMTT,4D2271,2024-03-22,602.0,LFML,GMTT,B738,Z,9HQEC    ,AA57122083,,B738
DFORH,PC12,LFTZ,LFMD,3D7009,2024-03-22,1700.0,LFTZ,LFMD,PC12,Z,DFORH    ,AA57133489,,PC12
DFORH,PC12,EDMO,LFTZ,3D7009,2024-03-22,1700.0,LFTZ,LFMD,PC12,Z,DFORH    ,AA57133489,,PC12
DFORH,PC12,EDMO,LFTZ,3D7009,2024-03-22,1700.0,LFTZ,LFMD,PC12,Z,DFORH    ,AA57133489,,PC12
DFORH,PC12,LFTZ,EDMO,3D7009,2024-03-22,1700.0,LFTZ,LFMD,PC12,Z,DFORH    ,AA57133489,,PC12
DFORH,,EDMO,LFTZ,3D7009,2024-03-22,1700.0,LFTZ,LFMD,PC12,Z,DFORH    ,AA57133489,,PC12
DFORH,,,,3D7009,2024-03-22,1700.0,LFTZ,LFMD,PC12,Z,DFORH    ,AA57133489,,PC12
EWG6020,,,,3C648F,2024-03-22,1206.0,LFMP,LFMP,A321,Z,DAIDO    ,AA57118054,,A321
EWG6020,A321,LFMP,LFMP,3C648F,2024-03-22,1206.0,LFMP,LFMP,A321,Z,DAIDO    ,AA57118054,,A321
OXF14,PA34,LFAT,LFAT,406A98,2024-03-22,1445.0,LFQT,EGTK,PA34,Z,GOXFA    ,AA57133297,,PA34
OXF14,PA34,EGTK,LFQT,406A98,2024-03-22,1445.0,LFQT,EGTK,PA34,Z,GOXFA    ,AA57133297,,PA34
JFA13Q,PC12,LFPB,LFLJ,4D02A8,2024-03-22,937.0,LFPB,LFLJ,PC12,Y,LXJFW    ,AA57102924,,PC12
DLH573,B748,FAOR,EDDF,3C4B23,2024-03-22,229.0,FAOR,EDDF,B748,Z,DABYC    ,AA57102572,,B748
WKT07,,,,407637,2024-03-22,1600.0,LFAT,EGNE,DA62,Z,GWKTH    ,AA57126531,,DA62
WKT07,DA62,LFAT,EGNE,407637,2024-03-22,1600.0,LFAT,EGNE,DA62,Z,GWKTH    ,AA57126531,,DA62
WKT07,DA62,LFLB,LFAT,407637,2024-03-22,1600.0,LFAT,EGNE,DA62,Z,GWKTH    ,AA57126531,,DA62
CALIBRA,BE20,LFBO,LFBO,398895,2024-03-22,1316.0,LFOK,LFBO,BE20,N,FHNAV    ,AA57132016,39B415,BE20
PGC32X,PC12,LFLP,LFTZ,44C061,2024-03-22,1015.0,LFMA,EBCI,PC12,Y,OOPCJ    ,AA57126172,44C06A,PC12
AFR34SG,E170,LFLL,EHAM,3986E6,2024-03-22,1359.0,LFLL,EHAM,E170,Z,FHBXG    ,AA57102608,,E170
FSF788G,PC12,LSZS,LFLI,46208F,2024-03-22,1302.0,LFLI,LSZS,PC12,Z,OHMIP    ,AA57129726,,PC12
FSF788G,,,,46208F,2024-03-22,1302.0,LFLI,LSZS,PC12,Z,OHMIP    ,AA57129726,,PC12
FSF788G,PC12,LFLI,LSZS,46208F,2024-03-22,1302.0,LFLI,LSZS,PC12,Z,OHMIP    ,AA57129726,,PC12
CALIBRA,BE20,LFOK,LFBO,39B415,2024-03-22,730.0,LFBO,LFBO,BE20,N,FHCEV    ,AA57102822,398895,BE20
SWR283,B77W,FAOR,LSZH,4B191B,2024-03-22,349.0,FAOR,LSZH,B77W,Z,HBJNF    ,AA57100682,,B77W
DLH1317,A319,DAAG,EDDF,3C6585,2024-03-22,1224.0,DAAG,EDDF,A319,Z,DAILE    ,AA57120098,,A319
WMT2583,A21N,LFMN,LIRF,4D241E,2024-03-22,34.0,LFMN,LIRF,A21N,Z,9HWAF    ,AA57095532,4D241A,A21N
FAF6515,PC21,LFBG,LFBI,3B75F0,2024-03-22,1132.0,LFBI,LFBG,PC21,M,FRBFQ    ,AA57127854,,PC21
FAF6515,PC21,LFBG,LFBI,3B75F0,2024-03-22,1247.0,LFBG,LFBI,PC21,M,FRBFN    ,AA57127853,3B75F3,PC21
FAF6515,PC21,LFBG,LFBI,3B75F0,2024-03-22,1320.0,LFBI,LFBG,PC21,M,FRBFN    ,AA57127854,3B75F3,PC21
ARG1140,A332,SAEZ,LIRF,E07211,2024-03-22,1333.0,SAEZ,LIRF,A332,Z,LVGHQ    ,AA57115397,,A332
THY3ZP,B738,LFLL,LTFM,4BAAD2,2024-03-22,958.0,LFLL,LTFM,B738,Z,TCJVR    ,AA57128388,,B738
WMT2583,A21N,LFMN,LIRF,4D241A,2024-03-22,1513.0,LFMN,LIRF,A21N,Z,9HWAI    ,AA57116954,4D241E,A21N
RYR49LK,B738,GMMX,LIRN,4D2214,2024-03-22,1758.0,GMMX,LIRN,B738,Z,9HQEF    ,AA57120749,,B738
PHANTOM,M346,LFBD,LFBC,3AAACA,2024-03-22,1310.0,LFBC,LFBD,M346,M,PHANTOM  ,AA57103896,,NH90
PHANTOM,M346,LFBD,LFBC,3AAACA,2024-03-22,1340.0,LFBD,LFBC,M346,M,PHANTOM  ,AA57103949,,NH90
